{"mean":{"confidence_interval":{"confidence_level":0.95,"lower_bound":13365.318309753646,"upper_bound":13390.6286114973},"point_estimate":13377.532799139793,"standard_error":6.46466555417973},"median":{"confidence_interval":{"confidence_level":0.95,"lower_bound":13356.038912406382,"upper_bound":13379.027402402402},"point_estimate":13364.155177974793,"standard_error":6.04832691434481},"median_abs_dev":{"confidence_interval":{"confidence_level":0.95,"lower_bound":35.05944698312107,"upper_bound":63.86860869880366},"point_estimate":48.19335840810564,"standard_error":6.920032027039618},"slope":{"confidence_interval":{"confidence_level":0.95,"lower_bound":13368.327484635245,"upper_bound":13390.964476987412},"point_estimate":13379.355794255907,"standard_error":5.763848785097265},"std_dev":{"confidence_interval":{"confidence_level":0.95,"lower_bound":49.501254720062,"upper_bound":78.66889380290529},"point_estimate":64.89041919348587,"standard_error":7.448381166250736}}