{"mean":{"confidence_interval":{"confidence_level":0.95,"lower_bound":2487969.8885147055,"upper_bound":2798563.5752941165},"point_estimate":2642475.9800000004,"standard_error":79186.21278556192},"median":{"confidence_interval":{"confidence_level":0.95,"lower_bound":2356678.9411764704,"upper_bound":2844392.117647059},"point_estimate":2638177.705882353,"standard_error":128516.82700603275},"median_abs_dev":{"confidence_interval":{"confidence_level":0.95,"lower_bound":688896.5750461116,"upper_bound":1060436.8697499526},"point_estimate":879408.8838226655,"standard_error":97854.71928161762},"slope":null,"std_dev":{"confidence_interval":{"confidence_level":0.95,"lower_bound":699048.35207378,"upper_bound":883656.7568689054},"point_estimate":796060.5611806808,"standard_error":47114.21594920425}}