{"mean":{"confidence_interval":{"confidence_level":0.95,"lower_bound":168952.6914259179,"upper_bound":169872.71798437295},"point_estimate":169335.116338998,"standard_error":238.56028215346316},"median":{"confidence_interval":{"confidence_level":0.95,"lower_bound":168725.18872549018,"upper_bound":169033.7038534279},"point_estimate":168944.78713258286,"standard_error":78.79727270932615},"median_abs_dev":{"confidence_interval":{"confidence_level":0.95,"lower_bound":453.44997890618004,"upper_bound":825.439435312945},"point_estimate":612.680658556749,"standard_error":90.61241835242137},"slope":{"confidence_interval":{"confidence_level":0.95,"lower_bound":168989.17808131414,"upper_bound":169852.6817357304},"point_estimate":169365.83790059603,"standard_error":224.05352783054647},"std_dev":{"confidence_interval":{"confidence_level":0.95,"lower_bound":843.2404479185485,"upper_bound":3814.9602095321607},"point_estimate":2398.5644932537857,"standard_error":897.0054606134055}}